{
    "total_runtime": 4663.657017469406,
    "num_documents": 1,
    "input_load_time": 0,
    "workflows": {
        "create_base_text_units": {
            "overall": 0.2945213317871094,
            "0_orderby": 0.007477521896362305,
            "1_zip": 0.004998922348022461,
            "2_aggregate_override": 0.016129493713378906,
            "3_chunk": 0.18319082260131836,
            "4_select": 0.00758051872253418,
            "5_unroll": 0.03437495231628418,
            "6_rename": 0.005349636077880859,
            "7_genid": 0.006034374237060547,
            "8_unzip": 0.0060138702392578125,
            "9_copy": 0.003962039947509766,
            "10_filter": 0.01589059829711914
        },
        "create_base_extracted_entities": {
            "overall": 4330.757025718689,
            "0_entity_extract": 4330.590270757675,
            "1_snapshot": 0.02898716926574707,
            "2_merge_graphs": 0.1202402114868164,
            "3_snapshot_rows": 0.0105133056640625
        },
        "create_summarized_entities": {
            "overall": 106.93895816802979,
            "0_summarize_descriptions": 106.92347836494446,
            "1_snapshot_rows": 0.009505748748779297
        },
        "create_base_entity_graph": {
            "overall": 0.12471938133239746,
            "0_cluster_graph": 0.09365558624267578,
            "1_snapshot_rows": 0.008526325225830078,
            "2_snapshot_rows": 0.009544610977172852,
            "3_select": 0.00798940658569336
        },
        "create_final_entities": {
            "overall": 25.741349935531616,
            "0_unpack_graph": 0.01351165771484375,
            "1_rename": 0.011562585830688477,
            "2_select": 0.012106180191040039,
            "3_dedupe": 0.017045974731445312,
            "4_rename": 0.008747577667236328,
            "5_filter": 0.03176116943359375,
            "6_text_split": 0.012536048889160156,
            "7_drop": 0.010550737380981445,
            "8_merge": 0.018167972564697266,
            "9_text_embed": 25.559340476989746,
            "10_drop": 0.010531902313232422,
            "11_filter": 0.027985811233520508
        },
        "create_final_nodes": {
            "overall": 0.27864646911621094,
            "0_layout_graph": 0.02667379379272461,
            "1_unpack_graph": 0.014203786849975586,
            "2_unpack_graph": 0.01604938507080078,
            "3_drop": 0.013509273529052734,
            "4_filter": 0.026106595993041992,
            "5_select": 0.0135498046875,
            "6_snapshot": 0.015919923782348633,
            "7_rename": 0.01255655288696289,
            "8_convert": 0.08602643013000488,
            "9_join": 0.0294344425201416,
            "10_rename": 0.013105154037475586
        },
        "create_final_communities": {
            "overall": 0.3657498359680176,
            "0_unpack_graph": 0.0160214900970459,
            "1_unpack_graph": 0.01902031898498535,
            "2_aggregate_override": 0.0403285026550293,
            "3_join": 0.023139238357543945,
            "4_join": 0.022989273071289062,
            "5_concat": 0.01656651496887207,
            "6_filter": 0.038066864013671875,
            "7_aggregate_override": 0.023061752319335938,
            "8_join": 0.022042274475097656,
            "9_filter": 0.03972291946411133,
            "10_fill": 0.019008159637451172,
            "11_merge": 0.02536797523498535,
            "12_copy": 0.028789520263671875,
            "13_select": 0.018568754196166992
        },
        "join_text_units_to_entity_ids": {
            "overall": 0.08297610282897949,
            "0_select": 0.020945310592651367,
            "1_unroll": 0.023120641708374023,
            "2_aggregate_override": 0.02291393280029297
        },
        "create_final_relationships": {
            "overall": 0.26552677154541016,
            "0_unpack_graph": 0.020149707794189453,
            "1_filter": 0.03980588912963867,
            "2_rename": 0.021222829818725586,
            "3_filter": 0.04639005661010742,
            "4_drop": 0.02451467514038086,
            "5_compute_edge_combined_degree": 0.03471493721008301,
            "6_convert": 0.03831076622009277,
            "7_convert": 0.022371292114257812
        },
        "join_text_units_to_relationship_ids": {
            "overall": 0.11365890502929688,
            "0_select": 0.019675493240356445,
            "1_unroll": 0.02520608901977539,
            "2_aggregate_override": 0.0247495174407959,
            "3_select": 0.026529312133789062
        },
        "create_final_community_reports": {
            "overall": 194.3283290863037,
            "0_prepare_community_reports_nodes": 0.021276235580444336,
            "1_prepare_community_reports_edges": 0.023513317108154297,
            "2_restore_community_hierarchy": 0.024114131927490234,
            "3_prepare_community_reports": 0.05454826354980469,
            "4_create_community_reports": 194.15465998649597,
            "5_window": 0.031523942947387695
        },
        "create_final_text_units": {
            "overall": 0.18236041069030762,
            "0_select": 0.021309852600097656,
            "1_rename": 0.02205801010131836,
            "2_join": 0.03511190414428711,
            "3_join": 0.026845693588256836,
            "4_aggregate_override": 0.03241086006164551,
            "5_select": 0.023501157760620117
        },
        "create_base_documents": {
            "overall": 0.2885596752166748,
            "0_unroll": 0.02256917953491211,
            "1_select": 0.024968624114990234,
            "2_rename": 0.023508071899414062,
            "3_join": 0.028040170669555664,
            "4_aggregate_override": 0.025681495666503906,
            "5_join": 0.03141331672668457,
            "6_rename": 0.023885011672973633,
            "7_convert": 0.07775259017944336
        },
        "create_final_documents": {
            "overall": 0.05536341667175293,
            "0_rename": 0.027106761932373047
        }
    }
}